<?xml version="1.0" encoding="UTF-8"?>
<!DOCTYPE mapper PUBLIC "-//mybatis.org//DTD Mapper 3.0//EN"
"http://mybatis.org/dtd/mybatis-3-mapper.dtd">

<mapper namespace="com.spring.boot.dao.HomeDao">
<!-- <resultMap id="Dostudy" type= "com.spring.boot.dto.HomeDto">
	<result column ="bnum" property ="bnum" jdbcType="NVARCHAR" javaType="String"></result>
	<result column ="bname" property ="bname" jdbcType="NVARCHAR" javaType="String"></result>
	<result column ="btitle" property ="btitle" jdbcType="NVARCHAR" javaType="String"></result>
	<result column ="bcontent" property ="bcontent" jdbcType="NVARCHAR" javaType="String"></result>
	<result column ="bdate" property ="bdate" jdbcType="NVARCHAR" javaType="String"></result>
</resultMap> -->
<!-- <select id="doStudyList" resultType="com.spring.boot.dto.HomeDto">
	SELECT TO_CHAR(BNUM) AS BNUM, BNAME, BTITLE, TO_CHAR(BDATE, 'YYYY.MM.DD'), BCONTENT FROM ABOARD
</select>
-->
<select id="doStudyList" resultType="com.spring.boot.dto.HomeDto">
	select to_char(bnum) as bnum,bname,btitle,to_char(bdate,'yyyy.mm.dd') as bdate,bcontent from aboard
</select>

<select id="doStudyListOne" resultType="com.spring.boot.dto.HomeDto">
	select to_char(bnum) as bnum,bname,btitle,to_char(bdate,'yyyy.mm.dd') as bdate,bcontent from aboard
	where bnum =#{strbnum}
</select>
<update id="doStudyMod">
	update aboard
	set bname = #{bName}, bcontent = #{bContent}, bdate = sysdate, btitle =#{bTitle} 
	where bnum = #{bNum}
</update>
<delete id ="doStudyDel">
	delete from aboard
	where bnum = to_char(#{bNum})
</delete>
<insert id="doStudyIns">
	insert into aboard(bname,btitle,bdate,bcontent) values (#{bName},#{bTitle},sysdate,#{bContent})
</insert>
<select id="doSearchList" resultType="com.spring.boot.dto.HomeDto">
		SELECT TO_CHAR(bnum) AS bnum, bname, btitle, TO_CHAR(bdate, 'yyyy.mm.dd') AS bdate, bcontent 
		FROM aboard 
		WHERE btitle LIKE '%' || #{strbtitle} || '%'
</select>
<insert id="doSignUp">
	INSERT INTO  AMEMBER(ANAME,APW,AEMAIL,AAGE,ANNAME)
VALUES (#{aName},#{aPw},#{aEmail},#{aAge},#{aNname})
</insert>
<select id="doLogin" resultType="com.spring.boot.dto.MemberDto">
		SELECT aname, apw FROM AMEMBER WHERE aname=#{aName} and apw=#{aPw}
</select>

</mapper>